"MOCHI ICE CREAM BONBONS", "Mochi Ice Cream Bonbons - G. T. Japan, Inc."
"BARBECUE SAUCE", "Barbecue Sauce - Fresh & Easy"
"STEAK SAUCE", "Steak Sauce - Fresh & Easy"
"FRESH & EASY, OUR FLAVORFUL MUSTARD IS PERFECT FOR SAVORY SANDWICHES, MEATS OR SNACKS", "Fresh & Easy, Our Flavorful Mustard Is Perfect For Savory Sandwiches, Meats Or Snacks - Fresh & Easy"
"FRESH & EASY, SWEET HOT MUSTARD", "Fresh & Easy, Sweet Hot Mustard - Fresh & Easy"
"STONEGROUND HORSERADISH MUSTARD", "Stoneground Horseradish Mustard - Fresh & Easy"
"ORGANIC DIJON MUSTARD", "Organic Dijon Mustard - Fresh & Easy"
"DIJON MUSTARD", "Dijon Mustard - Fresh & Easy"
"SPICY BROWN MUSTARD", "Spicy Brown Mustard - Fresh & Easy"
"YELLOW MUSTARD", "Yellow Mustard - Fresh & Easy"
"TOMATO KETCHUP", "Tomato Ketchup - Fresh & Easy"
"LITE MAYONNAISE", "Lite Mayonnaise - Fresh & Easy"
"REAL MAYONNAISE MADE WITH CIDER VINEGAR", "Real Mayonnaise Made With Cider Vinegar - Fresh & Easy"
"FINE ICE CREAMS", "Fine Ice Creams - Mcconnell S Ice Cream Inc."
"STATER BROS., SUGAR POWDERED", "Stater Bros., Sugar Powdered - Stater Bros. Markets Inc."
"STATER BROS., KIDNEY BEANS, DARK RED", "Stater Bros., Kidney Beans, Dark Red - Stater Bros. Markets Inc."
"NON-STICK OLIVE OIL COOKING SPRAY", "Non-Stick Olive Oil Cooking Spray - Meijer, Inc."
"SLICED SMOKED TURKEY BREAST", "Sliced Smoked Turkey Breast - Target Stores"
"SLICED HONEY HAM WITH NATURAL JUICES", "Sliced Honey Ham With Natural Juices - Target Stores"
"SLICED BLACK FOREST HAM", "Sliced Black Forest Ham - Target Stores"
"SLICED BLACK ANGUS ROAST BEEF", "Sliced Black Angus Roast Beef - Target Stores"
"MUENSTER CHEESE", "Muenster Cheese - Milton G. Waldbaum Company"
"SWISS CHEESE", "Swiss Cheese - Milton G. Waldbaum Company"
"HONEY MUSTARD", "Honey Mustard - Columbus Manufacturing, Inc."
"SEASONED ROAST BEEF", "Seasoned Roast Beef - Columbus Manufacturing, Inc."
"GREAT MIDWEST, CRANBERRY CHEDDAR", "Great Midwest, Cranberry Cheddar - Dci Cheese Company, Inc."
"GREAT MIDWEST, CHIPOTLE CHEDDAR", "Great Midwest, Chipotle Cheddar - Dci Cheese Company, Inc."
"TRADITIONAL HUMMUS", "Traditional Hummus - Target Stores"
"SUN-DRIED TOMATO & BASIL HUMMUS", "Sun-Dried Tomato & Basil Hummus - Target Stores"
"SPINACH & ARTICHOKE HUMMUS", "Spinach & Artichoke Hummus - Target Stores"
"ROASTED GARLIC HUMMUS", "Roasted Garlic Hummus - Target Stores"
"SPICY THREE PEPPER HUMMUS", "Spicy Three Pepper Hummus - Target Stores"
"ROASTED RED PEPPER HUMMUS", "Roasted Red Pepper Hummus - Target Stores"
"ORGANIC TRI-COLORED TORTILLA STRIPS", "Organic Tri-Colored Tortilla Strips - Fresh & Easy"
"VANILLA BEAN ICE CREAM", "Vanilla Bean Ice Cream - Fresh & Easy"
"LIGHT ICE CREAM", "Light Ice Cream - Fresh & Easy"
"ICE CREAM", "Ice Cream - Fresh & Easy"
"SORBET", "Sorbet - Fresh & Easy"
"BLOOD ORANGE SORBET", "Blood Orange Sorbet - Fresh & Easy"
"GELATO", "Gelato - Fresh & Easy"
"ICE CREAM, GELATO", "Ice Cream, Gelato - Fresh&Easy"
"PANKO BREAD CRUMBS JAPANESE STYLE", "Panko Bread Crumbs Japanese Style - Fresh & Easy"
"FRESH & EASY, CANOLA OIL", "Fresh & Easy, Canola Oil - Fresh & Easy"
"FRESH & EASY, CORN OIL", "Fresh & Easy, Corn Oil - Fresh & Easy"
"FRESH & EASY, TRI COLOR ROTINI", "Fresh & Easy, Tri Color Rotini - Fresh & Easy"
"ENRICHED MACARONI PRODUCT, ITALIAN ORZO", "Enriched Macaroni Product, Italian Orzo - Fresh & Easy"
"CONCHIGLIE", "Conchiglie - Fresh & Tasty"
"EXCELLENT WITH MUSHROOM SAUCES", "Excellent With Mushroom Sauces - Fresh & Easy"
"MACARONI ELBOWS", "Macaroni Elbows - Fresh & Easy"
"CUT FIDEO", "Cut Fideo - Fresh & Easy"
"THIN SPAGHETTI", "Thin Spaghetti - Fresh & Easy"
"FETTUCCINE", "Fettuccine - Fresh & Easy"
"SPAGHETTI", "Spaghetti - Fresh & Easy"
"ROTELLI", "Rotelli - Fresh & Easy"
"WHOLE GRAIN PASTA", "Whole Grain Pasta - Fresh & Easy"
"BROWN RICE SPAGHETTI", "Brown Rice Spaghetti - Fresh & Easy Neighborhood Market Inc."
"WHOLE WHEAT SPAGHETTI", "Whole Wheat Spaghetti - Fresh & Easy"
"WHOLE WHEAT ELBOWS, MACARONI", "Whole Wheat Elbows, Macaroni - Fresh&Easy"
"WHOLE WHEAT MACARONI PRODUCT", "Whole Wheat Macaroni Product - Fresh & Easy"
"BROWN RICE, ROTINI", "Brown Rice, Rotini - Fresh&Easy"
"LASAGNA", "Lasagna - Fresh & Easy"
"WHOLE GRAIN THIN SPAGHETTI", "Whole Grain Thin Spaghetti - Fresh & Easy"
"MEDIUM SHELLS", "Medium Shells - Fresh & Easy"
"WHOLE GRAIN ROTINI", "Whole Grain Rotini - Fresh&Easy"
"PASTA, EXTRA BROAD RIBBONS", "Pasta, Extra Broad Ribbons - Fresh&Easy"
"WIDE EGG NOODLES", "Wide Egg Noodles - Fresh&Easy"
"LARGE ELBOWS", "Large Elbows - Fresh & Easy"
"THREE CHEESE BLEND", "Three Cheese Blend - Fresh & Easy"
"PARMESAN CHEESE", "Parmesan Cheese - Fresh & Easy"
"ALFREDO SAUCE", "Alfredo Sauce - Fresh & Easy"
"MARINARA SAUCE WITH ROASTED RED PEPPERS", "Marinara Sauce With Roasted Red Peppers - Fresh & Easy"
"TOMATO BASIL MARINARA", "Tomato Basil Marinara - Fresh & Easy"
"PASTA SAUCE", "Pasta Sauce - Fresh & Easy"
"PIZZA SAUCE", "Pizza Sauce - Fresh & Easy"
"DICED TOMATOES, WITH GARLIC & OLIVE OIL", "Diced Tomatoes, With Garlic & Olive Oil - Fresh & Easy"
"DICED TOMATOES", "Diced Tomatoes - Fresh & Easy Organic"
"STEWED TOMATOES", "Stewed Tomatoes - Fresh & Easy"
"ITALIAN-STYLE STEWED TOMATOES", "Italian-Style Stewed Tomatoes - Fresh & Easy"
"FRESH & EASY, PROVENCAL SIMMER SAUCE", "Fresh & Easy, Provencal Simmer Sauce - Fresh & Easy"
"FRESH & EASY, CACCIATORE SIMMER SAUCE", "Fresh & Easy, Cacciatore Simmer Sauce - Fresh & Easy"
"FRESH & EASY, CREAMY TOMATO ALFREDO SAUCE", "Fresh & Easy, Creamy Tomato Alfredo Sauce - Fresh & Easy"
"FRESH & EASY, PASTA SAUCE WITH IMPORTED TOMATOES & OLIVE OIL", "Fresh & Easy, Pasta Sauce With Imported Tomatoes & Olive Oil - Fresh & Easy"
"FRESH & EASY, PASTA SAUCE WITH IMPORTED ITALIAN TOMATOES & OLIVE OIL", "Fresh & Easy, Pasta Sauce With Imported Italian Tomatoes & Olive Oil - Fresh & Easy"
"FRESH & EASY, TOMATO PASTE", "Fresh & Easy, Tomato Paste - Fresh & Easy"
"TOMATO SAUCE", "Tomato Sauce - Fresh & Easy"
"CRUSHED TOMATOES WITH BASIL", "Crushed Tomatoes With Basil - Fresh & Easy"
"WHOLE PEELED PLUM TOMATOES", "Whole Peeled Plum Tomatoes - Fresh & Easy"
"PEARS HALVES IN DILUTED RED WINE", "Pears Halves In Diluted Red Wine - Jalancina Nature S.L."
"MERMELADA DE MORA CON CAFE", "Mermelada De Mora Con Cafe - Jalancina Nature S.L."
"TALANCINA", "Talancina - Talancina"
"LOQUAT JAM", "Loquat Jam - Jalancina Nature S.L."
"APRICOT JAM", "Apricot Jam - Jalanvina"
"YELLOW PEPPER JAM", "Yellow Pepper Jam - Jalancina Nature S.L."
"RED PEPPER JAM", "Red Pepper Jam - Talancina"
"MILK CHOCOLATE", "Milk Chocolate - Brix Chocolate"
"LEAN, APPLEWOOD SMOKED BONELESS HAM STEAK, WITH NATURAL JUICES", "Lean, Applewood Smoked Boneless Ham Steak, With Natural Juices - Archer Farms"
"PREMIUM CUBED BONELESS HAM", "Premium Cubed Boneless Ham - Hormel"
"SLICED BONELESS HAM", "Sliced Boneless Ham - Archer Farms"
"APPLE BLOSSOMS", "Apple Blossoms - Fresh & Easy"
"FRESH & EASY, BREADED CALAMARI RINGS", "Fresh & Easy, Breaded Calamari Rings - Fresh & Easy"
"FRESH & EASY, HOMESTYLE WAFFLES", "Fresh & Easy, Homestyle Waffles - Fresh & Easy"
"FRESH & EASY, BUTTERMILK PANCAKES", "Fresh & Easy, Buttermilk Pancakes - Fresh & Easy"
"MUSHROOM GARLIC CAVATAPPI", "Mushroom Garlic Cavatappi - Fresh & Easy"
"CREAMY CARBONARA SPAGHETTI", "Creamy Carbonara Spaghetti - Fresh & Easy"
"DELUXE SHELLS & AGED CHEDDAR CHEESE SAUCE", "Deluxe Shells & Aged Cheddar Cheese Sauce - Fresh & Easy"
"GOODNESS ANIMAL SHAPES", "Goodness Animal Shapes - Fresh & Easy"
"SHELLS & WHITE CHEDDAR CHEESE", "Shells & White Cheddar Cheese - Fresh & Easy"
"RICE PILAF WITH ORZO", "Rice Pilaf With Orzo - Fresh & Easy"
"THREE-CHEESE RISOTTO", "Three-Cheese Risotto - Fresh & Easy"
"QUINOA & BROWN RICE WITH GARLIC & HERBS", "Quinoa & Brown Rice With Garlic & Herbs - Fresh & Easy"
"RICE", "Rice - Fresh & Easy"
"INSTANT WHITE RICE", "Instant White Rice - Fresh&Easy"
"INSTANT BROWN RICE", "Instant Brown Rice - Fresh & Easy"
"BLACK RICE", "Black Rice - C & F Foods Inc."
"FRENCH LENTILS", "French Lentils - Omni Rajhas Merchandising"
"COUSCOUS", "Couscous - C & F Foods Inc."
"FRESH & EASY, COUSCOUS", "Fresh & Easy, Couscous - Fresh & Easy"
"FRESH & EASY, BULGAR WHEAT", "Fresh & Easy, Bulgar Wheat - Fresh & Easy"
"FRESH & EASY, BLACK-EYED PEAS", "Fresh & Easy, Black-Eyed Peas - Fresh & Easy"
"BLACK BEANS", "Black Beans - Fresh & Easy"
"FRESH & EASY, GREEN LENTILS", "Fresh & Easy, Green Lentils - Naked Juice"
"FRESH & EASY, RED LENTILS", "Fresh & Easy, Red Lentils - Fresh & Easy"
"FRESH & EASY, LIGHT RED KIDNEY BEANS", "Fresh & Easy, Light Red Kidney Beans - Fresh & Easy"
"FRESH & EASY, GARBANZO BEANS", "Fresh & Easy, Garbanzo Beans - Fresh & Easy"
"FRESH & EASY, MAYOCOBA BEANS", "Fresh & Easy, Mayocoba Beans - Fresh & Easy"
"FRESH & EASY, BEANS", "Fresh & Easy, Beans - Fresh & Easy"
"FRESH & EASY, SMALL RED BEANS", "Fresh & Easy, Small Red Beans - Fresh & Easy"
"FRESH & EASY, GREEN SPLIT PEAS", "Fresh & Easy, Green Split Peas - Fresh & Easy"
"FRESH & EASY, PINTO BEANS", "Fresh & Easy, Pinto Beans - Fresh & Easy"
"FRESH & EASY, JASMINE BROWN", "Fresh & Easy, Jasmine Brown - Fresh & Easy"
"FRESH & EASY, LONG GRAIN BROWN", "Fresh & Easy, Long Grain Brown - Fresh & Easy"
"FRESH & EASY, BASMATI RICE", "Fresh & Easy, Basmati Rice - Fresh & Easy"
"ITALIAN GROWN RICE", "Italian Grown Rice - Fresh & Easy"
"RICE MEDLEY", "Rice Medley - Fresh & Easy"
"LONG GRAIN WHITE RICE", "Long Grain White Rice - Fresh & Easy"
"ATLANTIC SALMON BURGERS", "Atlantic Salmon Burgers - The Macknight Food Group"
"FRESH & EASY, SWAI FELLETS", "Fresh & Easy, Swai Fellets - Fresh & Easy"
"FRESH & EASY, MAHI MAHI FILLETS", "Fresh & Easy, Mahi Mahi Fillets - Fresh & Easy"
"FRESH & EASY, SALMON", "Fresh & Easy, Salmon - Fresh & Easy"
"FRESH & EASY, TILAPIA", "Fresh & Easy, Tilapia - Fresh & Easy"
"FRESH & EASY, ALASKAN POLLOCK FILLETS", "Fresh & Easy, Alaskan Pollock Fillets - Fresh & Easy"
"HANDCRAFTED NAAN FLATBREAD SANDWICH", "Handcrafted Naan Flatbread Sandwich - Jagpreet Enterprises"
"CHICKEN THIGHS", "Chicken Thighs - Gnp Company"
"CHICKEN DRUMSTICKS", "Chicken Drumsticks - Gnp Company"
"SHAVED PARMESAN CHEESE", "Shaved Parmesan Cheese - Target Stores"
"FROSTED SUGAR COOKIES", "Frosted Sugar Cookies - Target Stores"
"WHITE FROSTED MINI SUGAR COOKIES", "White Frosted Mini Sugar Cookies - Target Stores"
"CHOCOLATY DIPPED GRAHAM CRACKERS", "Chocolaty Dipped Graham Crackers - Target Stores"
"FERRERO COLLECTION, FINE ASSORTED CONFECTIONS", "Ferrero Collection, Fine Assorted Confections - Ferrero U.S.A., Incorporated"
"KROGER, CHIPMATES, COOKIES, CHOCOLATE CHIPS", "Kroger, Chipmates, Cookies, Chocolate Chips - The Kroger Co."
"CHOCOLATE CHIP COOKIES", "Chocolate Chip Cookies - The Kroger Co."
"KROGER, COWPALS, CHEESE DIP & PRETZEL STICKS", "Kroger, Cowpals, Cheese Dip & Pretzel Sticks - The Kroger Co."
"TEXMATI RICE", "Texmati Rice - Riviana Foods Inc."
"TIKKA MASALA", "Tikka Masala - The Kroger Co."
"ITALIAN MEATLOAF MIX", "Italian Meatloaf Mix - Pioneer Flour Mills"
"REDUCED FAT VIENNA SAUSAGE", "Reduced Fat Vienna Sausage - The Kroger Co."
"CHICKEN VIENNA SAUSAGE IN CHICKEN BROTH", "Chicken Vienna Sausage In Chicken Broth - The Kroger Co."
"NEUMAN S, CARROT PINEAPPLE BREAD, CARROT, PINEAPPLE", "Neuman S, Carrot Pineapple Bread, Carrot, Pineapple - Neuman Bakery Specialties, Inc"
"SWEET FINISHING BUTTER", "Sweet Finishing Butter - The Kroger Co."
"SPAANS, SUGAR FREE SPICED WINDMILL COOKIES", "Spaans, Sugar Free Spiced Windmill Cookies - Spaans Cookie Company Inc."
"CINNAMON SWIRL SLICED CREME CAKE", "Cinnamon Swirl Sliced Creme Cake - Hill & Valley, Inc."
"MINI MUFFINS", "Mini Muffins - The Kroger Co."
"APPLE, CHERRY AND CHEESE ROLL", "Apple, Cherry And Cheese Roll - Lone Star Consolidated Foods, Inc."
"CHEESE, CHERRY AND PINEAPPLE ROLE", "Cheese, Cherry And Pineapple Role - Lone Star Consolidated Foods, Inc."
"LAFFY TAFFY", "Laffy Taffy - Schnuck Markets, Inc."
"FLAKE SALT", "Flake Salt - Fresh & Easy"
"IODIZED SALT", "Iodized Salt - Fresh & Easy"
"PLAIN SALT", "Plain Salt - Fresh & Easy"
"SOUP", "Soup - Baxters Canada Inc."
"LOBSTER BISQUE", "Lobster Bisque - Baxters Of Speyside Ltd."
"SOUTHWEST CHICKEN QUESADILLAS WITH SEASONED VEGETABLES", "Southwest Chicken Quesadillas With Seasoned Vegetables - The Letter Company"
"CULINARIA, KAMUT BLEND RICE MIX", "Culinaria, Kamut Blend Rice Mix - Schnuck Markets, Inc."
"LOWFAT GRANOLA CEREAL WITH ALMOND", "Lowfat Granola Cereal With Almond - The Glass Baron, Inc."
"LITE FRUIT COCKTAIL IN PEAR JUICE FROM CONCENTRATE", "Lite Fruit Cocktail In Pear Juice From Concentrate - The Kroger Co."
"ENRICHED ELBOW MACARONI", "Enriched Elbow Macaroni - The Kroger Co."
"ORGANIC YELLOW CORN TORTILLA CHIPS", "Organic Yellow Corn Tortilla Chips - The Kroger Co."
"PLAIN BROWNIE BITES", "Plain Brownie Bites - Csm Bakery Products Na, Inc."
"POWDERED SUGAR BROWNIE BITES", "Powdered Sugar Brownie Bites - Csm Bakery Products Na, Inc."
"SLICED LOAF CAKE", "Sliced Loaf Cake - Csm Bakery Products Na, Inc."
"BAKED ORGANIC POTATO SNACK", "Baked Organic Potato Snack - Integrated Global Organics Company Llc"
"SUPER GREENS!", "Super Greens! - Organicgirl, Llc"
"SALAD", "Salad - Organicgirl, Llc"
"DELITA, IMPORTED ITALIAN BUTTER OF PHARMA", "Delita, Imported Italian Butter Of Pharma - Delitia, Inc."
"TZATZIKI SAUCE", "Tzatziki Sauce - Norstar Specialty Foods Inc."
"CHICKEN CHILI ARTISAN SOUP MIX", "Chicken Chili Artisan Soup Mix - Conifer Specialties Inc."
"CANTERBURY NATURALS, CHICKEN NOODLE SOUP MIX", "Canterbury Naturals, Chicken Noodle Soup Mix - Conifer Specialties Inc."
"ROASTED GARLIC POTATO CORN CHOWDER", "Roasted Garlic Potato Corn Chowder - Conifer Specialties Inc."
"CANTERBURY NATURALS, RUSTIC FIRESIDE TORTILLA", "Canterbury Naturals, Rustic Fireside Tortilla - Conifer Specialties Inc."
"HOPE HUMMUS, SWEET POTATO HUMMUS", "Hope Hummus, Sweet Potato Hummus - Hope Foods, Llc"
"VEGETABLE BARLEY SOUP", "Vegetable Barley Soup - The Hain Celestial Group, Inc."
"LENTIL APPLE SOUP", "Lentil Apple Soup - The Hain Celestial Group, Inc."
"DAIRY-FREE FRUITY & CREAMY BLENDED", "Dairy-Free Fruity & Creamy Blended - Wwf Operating Company"
"GRAVY MIX", "Gravy Mix - Frontier Cooperative Herbs"
"FAT FREE VEGETARIAN GRAVY MIX", "Fat Free Vegetarian Gravy Mix - The Hain Celestial Group, Inc."
"BROTH", "Broth - The Hain Celestial Group, Inc."
"ORGANIC CHIPOTLE SWEET POTATO SOUP", "Organic Chipotle Sweet Potato Soup - Pacific Foods Of Oregon, Inc."
"ORGANIC CHICKEN SPINACH PEENE SOUP", "Organic Chicken Spinach Peene Soup - Pacific Foods Of Oregon, Inc."
"ORGANIC CHEESE", "Organic Cheese - Rumiano Cheese Co."
"CORN FLAKES", "Corn Flakes - Post Foods, Llc"
"EREWHON, STRAWBERRY CRISP", "Erewhon, Strawberry Crisp - Post Foods, Llc"
"ATTUNEFOODS, EREWHON, HONEY CRISPY BROWN RICE MIXED BERRIES", "Attunefoods, Erewhon, Honey Crispy Brown Rice Mixed Berries - Post Foods, Llc"
"MARANATHA, ROASTED PEANUT BUTTER", "Maranatha, Roasted Peanut Butter - The Hain Celestial Group, Inc."
"MARANATHA, ORGANIC PEANUT BUTTER", "Maranatha, Organic Peanut Butter - The Hain Celestial Group, Inc."
"MARANATHA, ORGANIC ROASTED PEANUT BUTTER CRUNCHY", "Maranatha, Organic Roasted Peanut Butter Crunchy - The Hain Celestial Group, Inc."
"WOODSTOCK, PEANUT BUTTER", "Woodstock, Peanut Butter - United Natural Foods, Inc."
"PEANUT BUTTER", "Peanut Butter - United Natural Foods, Inc."
"OLIVE OIL & GARLIC PASTA SAUCE", "Olive Oil & Garlic Pasta Sauce - Organic Food Products, Inc."
"LOW FAT MUESLI", "Low Fat Muesli - Attune Foods, Llc"
"WILD BERRY ORGANIC PRESERVES", "Wild Berry Organic Preserves - United Natural Foods, Inc."
"REDUCED FAT VEGENAISE", "Reduced Fat Vegenaise - Earth Island"
"VANILLA ALMOND NATURALLY FLAVORED CLUSTERS & FLAKES", "Vanilla Almond Naturally Flavored Clusters & Flakes - Attune Foods, Llc"
"EARTH BALANCE, MINDFULMAYO, DRESSING & SANDWICH SPREAD", "Earth Balance, Mindfulmayo, Dressing & Sandwich Spread - Pinnacle Foods Group Llc"
"ORGANIC SPAGHETTI SAUCE", "Organic Spaghetti Sauce - Eden Foods, Inc."
"DELICIOUS GOLDEN VEGETABLE SOUP", "Delicious Golden Vegetable Soup - Ce De Candy, Inc."
"ROASTED SALSA", "Roasted Salsa - Skip S Dip"
"ORGANIC OPTIMUM POWER BLUEBERRY CINNAMON FLAX", "Organic Optimum Power Blueberry Cinnamon Flax - Nature S Path"
"DE BOLES, SPAGHETTI STYLE PASTA", "De Boles, Spaghetti Style Pasta - The Hain Celestial Group, Inc."
"ORGANIC EINKORN COOKIES", "Organic Einkorn Cookies - Jovial"
"COUGAR MOUNTAIN, BLUEBERRIES & OATS, ALL NATURAL SOFT COOKIES", "Cougar Mountain, Blueberries & Oats, All Natural Soft Cookies - Cougar Mountain Baking Company"
"TASTY, CHOCOLATE CHIP COOKIES", "Tasty, Chocolate Chip Cookies - Tasty Brand, Inc."
